1,Lea,Vickors,lvickors0@usatoday.com,Female
2,Millard,Morrison,mmorrison1@shareasale.com,Male
3,Oliviero,Daish,odaish2@ehow.com,Male
4,Culley,Meneo,cmeneo3@wordpress.com,Non-binary
5,Muhammad,Hartford,mhartford4@cnet.com,Genderfluid
6,Bartlett,Tilley,btilley5@networksolutions.com,Male
7,Gal,McKmurrie,gmckmurrie6@jigsy.com,Male
8,Lorita,Londing,llonding7@loc.gov,Female
9,Cherrita,Bowmen,cbowmen8@adobe.com,Female
10,Alena,Kraut,akraut9@merriam-webster.com,Female
11,Currie,Schumacher,cschumachera@examiner.com,Male
12,Elli,Lickorish,elickorishb@wikispaces.com,Female
13,Eolanda,Acedo,eacedoc@youtu.be,Female
14,Alphard,Hanford,ahanfordd@github.com,Male
15,Ginnie,Beenham,gbeenhame@seesaa.net,Female
16,Paul,Bowller,pbowllerf@nature.com,Male
17,Casi,Kervin,ckerving@bigcartel.com,Female
18,Darby,Blindt,dblindth@wsj.com,Polygender
19,Valene,Dibling,vdiblingi@hp.com,Female
20,Lenna,Whetton,lwhettonj@vimeo.com,Polygender
21,Derwin,Bealing,dbealingk@digg.com,Non-binary
22,Ramonda,Boggis,rboggisl@networksolutions.com,Female
23,Isidore,Irdale,iirdalem@github.com,Male
24,Angil,Radborn,aradbornn@yelp.com,Female
25,Averill,Rentoll,arentollo@wordpress.com,Male
26,Jenine,Tatteshall,jtatteshallp@hugedomains.com,Female
27,Arlan,Tantrum,atantrumq@bbb.org,Male
28,Diego,Jindrak,djindrakr@weebly.com,Male
29,Hubie,Bleeze,hbleezes@goo.ne.jp,Male
30,Melisent,Coster,mcostert@163.com,Non-binary
31,Ursa,Hibbart,uhibbartu@japanpost.jp,Female
32,Jarad,McNeill,jmcneillv@cdbaby.com,Male
33,Loy,Russen,lrussenw@netlog.com,Male
34,Kassi,Rameau,krameaux@flavors.me,Female
35,Dody,Rabbage,drabbagey@usgs.gov,Female
36,Tabbie,Harbertson,tharbertsonz@tinyurl.com,Male
37,Cesare,Sandbrook,csandbrook10@sogou.com,Male
38,Kathi,Odby,kodby11@omniture.com,Female
39,Adelice,Garrould,agarrould12@apache.org,Female
40,Lucila,Colam,lcolam13@jugem.jp,Female
41,Ola,Skamal,oskamal14@ebay.com,Female
42,Florenza,Bowmaker,fbowmaker15@sciencedirect.com,Female
43,Kacy,Maidens,kmaidens16@printfriendly.com,Female
44,Daniel,Bassingham,dbassingham17@livejournal.com,Male
45,Selene,Kimmitt,skimmitt18@last.fm,Female
46,Caryn,Empleton,cempleton19@washingtonpost.com,Genderfluid
47,Mendy,Bernardot,mbernardot1a@ucla.edu,Male
48,Jen,Dank,jdank1b@over-blog.com,Female
49,Buck,Monelle,bmonelle1c@a8.net,Male
50,Bond,Gilling,bgilling1d@scribd.com,Male
51,Tessy,Chainey,tchainey1e@soundcloud.com,Female
52,Shaughn,Jedrzaszkiewicz,sjedrzaszkiewicz1f@pbs.org,Male
53,Babbie,O'Fergus,bofergus1g@studiopress.com,Female
54,Ladonna,Boshers,lboshers1h@apache.org,Female
55,Tyson,Kenningley,tkenningley1i@dion.ne.jp,Male
56,Karlyn,Perrycost,kperrycost1j@cpanel.net,Female
57,Isabelita,Kesley,ikesley1k@house.gov,Non-binary
58,Shep,Alleway,salleway1l@deliciousdays.com,Male
59,Joshuah,Fantini,jfantini1m@ibm.com,Male
60,Anna-maria,Hodgets,ahodgets1n@time.com,Female
61,Wilma,Gregoraci,wgregoraci1o@google.de,Bigender
62,Dorita,Godmer,dgodmer1p@springer.com,Female
63,Britt,Grigorian,bgrigorian1q@google.co.uk,Female
64,Briny,Surguine,bsurguine1r@chicagotribune.com,Female
65,Templeton,Bere,tbere1s@si.edu,Male
66,Becca,Hawthorn,bhawthorn1t@amazon.com,Female
67,Babbie,O'Logan,bologan1u@e-recht24.de,Female
68,Monro,Wankling,mwankling1v@hibu.com,Male
69,Letitia,Dunbobbin,ldunbobbin1w@surveymonkey.com,Female
70,Irvine,Dalgety,idalgety1x@timesonline.co.uk,Male
71,Clari,Meller,cmeller1y@freewebs.com,Female
72,Lilah,Canwell,lcanwell1z@sourceforge.net,Female
73,Patrick,Turfitt,pturfitt20@jugem.jp,Male
74,Nerta,Fussen,nfussen21@i2i.jp,Female
75,Payton,Slocom,pslocom22@wikipedia.org,Male
76,Myrilla,Kienl,mkienl23@cpanel.net,Female
77,Philippine,Corrett,pcorrett24@imdb.com,Female
78,Kirby,Dreger,kdreger25@webeden.co.uk,Female
79,Karia,Dumigan,kdumigan26@dyndns.org,Female
80,Virgilio,Slite,vslite27@cbc.ca,Genderqueer
81,Ida,Falkinder,ifalkinder28@cloudflare.com,Female
82,Domenico,Tabb,dtabb29@un.org,Male
83,Angela,Skehens,askehens2a@mapquest.com,Female
84,Brandise,Seyfart,bseyfart2b@purevolume.com,Female
85,Florinda,Garoghan,fgaroghan2c@cnbc.com,Female
86,Urbanus,Matashkin,umatashkin2d@ning.com,Male
87,Wainwright,Gillogley,wgillogley2e@opensource.org,Male
88,Kailey,Gladding,kgladding2f@domainmarket.com,Genderfluid
89,Aleda,Durie,adurie2g@bloomberg.com,Female
90,Gabey,Dowsing,gdowsing2h@sciencedaily.com,Genderfluid
91,Yulma,Tubble,ytubble2i@mtv.com,Male
92,Kilian,Ranner,kranner2j@topsy.com,Male
93,Ignatius,Pudge,ipudge2k@1688.com,Male
94,Remington,Dodle,rdodle2l@nbcnews.com,Male
95,Corene,Plott,cplott2m@craigslist.org,Non-binary
96,Melantha,Pauley,mpauley2n@hexun.com,Female
97,Cele,Ottawell,cottawell2o@blinklist.com,Female
98,Dorena,Ingerfield,dingerfield2p@narod.ru,Female
99,Roslyn,Huddles,rhuddles2q@list-manage.com,Female
100,Ross,Rosenblad,rrosenblad2r@reference.com,Male
101,Benedict,Yepiskov,byepiskov2s@columbia.edu,Male
102,Karen,Arpin,karpin2t@is.gd,Female
103,Eldredge,Nelthorpe,enelthorpe2u@vinaora.com,Bigender
104,Merv,Shemilt,mshemilt2v@jiathis.com,Male
105,Jenifer,Tabb,jtabb2w@t.co,Female
106,Sara-ann,Jinkins,sjinkins2x@cloudflare.com,Female
107,Camala,Kynaston,ckynaston2y@flickr.com,Genderqueer
108,Ronnica,Comley,rcomley2z@netscape.com,Agender
109,Hilliary,Cole,hcole30@nsw.gov.au,Female
110,Emmalee,Skade,eskade31@php.net,Female
111,Derward,Castellanos,dcastellanos32@va.gov,Male
112,Netti,Bernier,nbernier33@vinaora.com,Female
113,Car,Parry,cparry34@bing.com,Male
114,Kay,Bargh,kbargh35@vimeo.com,Female
115,Roobbie,Briston,rbriston36@yolasite.com,Female
116,Aleda,Pointing,apointing37@shop-pro.jp,Female
117,Flory,Abbay,fabbay38@i2i.jp,Male
118,Ginnifer,Mohamed,gmohamed39@ocn.ne.jp,Female
119,Katha,Basilio,kbasilio3a@eventbrite.com,Female
120,Peder,Fendlow,pfendlow3b@guardian.co.uk,Male
121,Di,Ticksall,dticksall3c@arstechnica.com,Female
122,Baryram,Heatly,bheatly3d@dell.com,Male
123,Berrie,Montgomery,bmontgomery3e@timesonline.co.uk,Female
124,Steffen,McGahey,smcgahey3f@w3.org,Male
125,Davidde,Fidele,dfidele3g@toplist.cz,Male
126,Fredi,McLemon,fmclemon3h@ft.com,Agender
127,Jillie,Nisen,jnisen3i@hexun.com,Female
128,Kinny,Renforth,krenforth3j@fc2.com,Male
129,Mariejeanne,Leiden,mleiden3k@reverbnation.com,Female
130,Rivi,Lamping,rlamping3l@flavors.me,Female
131,Elia,Burrow,eburrow3m@technorati.com,Male
132,Luke,Densham,ldensham3n@delicious.com,Male
133,Mandi,Ziemen,mziemen3o@japanpost.jp,Female
134,Patricia,Coller,pcoller3p@plala.or.jp,Female
135,Obed,Gilbee,ogilbee3q@nationalgeographic.com,Male
136,Arlen,Juliano,ajuliano3r@earthlink.net,Male
137,Tan,Risdall,trisdall3s@cyberchimps.com,Male
138,Ellen,Bamlet,ebamlet3t@shinystat.com,Female
139,Grenville,Jeannel,gjeannel3u@va.gov,Polygender
140,Clareta,Cudbird,ccudbird3v@elpais.com,Female
141,Des,Sebrook,dsebrook3w@etsy.com,Male
142,Benedetta,Kingzett,bkingzett3x@hhs.gov,Female
143,Debor,Benedikt,dbenedikt3y@globo.com,Female
144,Tadio,Hansill,thansill3z@google.es,Male
145,Morty,Bennie,mbennie40@t.co,Male
146,Evania,McAnulty,emcanulty41@mapquest.com,Female
147,Siward,Goldson,sgoldson42@wikispaces.com,Male
148,Stanford,Benezeit,sbenezeit43@ftc.gov,Male
149,Christal,Bagnell,cbagnell44@odnoklassniki.ru,Female
150,Quincey,Harlett,qharlett45@macromedia.com,Male
151,Nolie,Hatwells,nhatwells46@umich.edu,Female
152,Karia,O'Kinneally,kokinneally47@sfgate.com,Female
153,Chip,Ferenczy,cferenczy48@msu.edu,Male
154,Alasdair,Pohlak,apohlak49@51.la,Genderfluid
155,Priscella,Seymour,pseymour4a@yellowpages.com,Female
156,Leonanie,Scaife,lscaife4b@google.nl,Female
157,Nicolis,Largent,nlargent4c@homestead.com,Male
158,Melosa,Griston,mgriston4d@icq.com,Female
159,Adan,Veltmann,aveltmann4e@yale.edu,Genderfluid
160,Doug,Glennie,dglennie4f@mozilla.com,Male
161,Dimitry,Gillum,dgillum4g@intel.com,Male
162,Kassie,Llewelly,kllewelly4h@google.com.br,Female
163,Hermine,Neem,hneem4i@hc360.com,Female
164,Merrel,Watkiss,mwatkiss4j@gnu.org,Agender
165,Ardyth,Borne,aborne4k@biglobe.ne.jp,Female
166,Trina,Nacey,tnacey4l@timesonline.co.uk,Female
167,Meryl,Orred,morred4m@gravatar.com,Male
168,Maxwell,Heys,mheys4n@google.co.uk,Male
169,Normie,Kantor,nkantor4o@addtoany.com,Male
170,Tom,Rosettini,trosettini4p@fda.gov,Male
171,Millisent,Menguy,mmenguy4q@gravatar.com,Female
172,Jared,Robbe,jrobbe4r@wiley.com,Agender
173,Bernadene,Piel,bpiel4s@squarespace.com,Female
174,Talya,Hamper,thamper4t@jigsy.com,Bigender
175,Kyle,Bennedick,kbennedick4u@yahoo.com,Polygender
176,Spenser,Edinboro,sedinboro4v@mlb.com,Male
177,Lisha,Hasley,lhasley4w@samsung.com,Female
178,Abby,Ruddin,aruddin4x@usnews.com,Female
179,Georgy,Burgoine,gburgoine4y@tuttocitta.it,Male
180,Valma,Sketchley,vsketchley4z@cam.ac.uk,Female
181,Corina,Killeen,ckilleen50@sciencedaily.com,Female
182,Cornie,Lohden,clohden51@house.gov,Male
183,Bernarr,Ivens,bivens52@stumbleupon.com,Male
184,Ezri,Vass,evass53@51.la,Male
185,Gilberto,Scurr,gscurr54@mayoclinic.com,Male
186,Chick,Dermot,cdermot55@github.com,Male
187,Lucinda,Harty,lharty56@huffingtonpost.com,Female
188,Sutton,Hoogendorp,shoogendorp57@mit.edu,Male
189,Corabella,Lendon,clendon58@about.com,Female
190,Kizzie,Hansard,khansard59@springer.com,Female
191,Tann,Symonds,tsymonds5a@friendfeed.com,Male
192,Salem,Pollastrone,spollastrone5b@php.net,Male
193,Saul,Delap,sdelap5c@google.fr,Male
194,Mercy,Paolone,mpaolone5d@pinterest.com,Female
195,Sheryl,Havercroft,shavercroft5e@surveymonkey.com,Female
196,Courtney,Pettko,cpettko5f@sfgate.com,Female
197,Adelbert,Patrickson,apatrickson5g@miitbeian.gov.cn,Male
198,Nanete,Blance,nblance5h@wired.com,Female
199,Forrest,Revie,frevie5i@samsung.com,Male
200,Quinn,McKennan,qmckennan5j@wix.com,Female
201,Sawyere,Bruneau,sbruneau5k@about.me,Male
202,Batholomew,Zanolli,bzanolli5l@timesonline.co.uk,Male
203,El,McIlreavy,emcilreavy5m@harvard.edu,Male
204,Marcus,Corneck,mcorneck5n@livejournal.com,Male
205,Orlan,Demeza,odemeza5o@pbs.org,Male
206,Chaddy,Scrivin,cscrivin5p@bloglines.com,Male
207,Stanislaw,Lismer,slismer5q@google.co.jp,Male
208,Hestia,Perez,hperez5r@yelp.com,Female
209,Hildegarde,Shotboult,hshotboult5s@skype.com,Female
210,Flossie,Blick,fblick5t@reference.com,Female
211,Carla,Bullock,cbullock5u@unblog.fr,Female
212,Jay,Branston,jbranston5v@reddit.com,Genderfluid
213,Cassius,Schirak,cschirak5w@dailymotion.com,Male
214,Parnell,Webster,pwebster5x@oakley.com,Male
215,Desmond,Berriman,dberriman5y@yahoo.com,Male
216,Blithe,Orteaux,borteaux5z@npr.org,Female
217,Worthington,Dodson,wdodson60@dedecms.com,Male
218,Elvis,Ibeson,eibeson61@google.com.hk,Male
219,Zulema,Caldecot,zcaldecot62@marketwatch.com,Female
220,Levi,Errichi,lerrichi63@yellowbook.com,Male
221,North,Izhak,nizhak64@sitemeter.com,Male
222,Rosa,Ownsworth,rownsworth65@hugedomains.com,Agender
223,Fred,Gaw,fgaw66@blogtalkradio.com,Male
224,Augustus,Heddan,aheddan67@miibeian.gov.cn,Male
225,Anne-corinne,Marvell,amarvell68@behance.net,Female
226,Decca,Skelly,dskelly69@weebly.com,Genderfluid
227,Henka,Meek,hmeek6a@google.pl,Female
228,Morton,Capon,mcapon6b@qq.com,Agender
229,Elyssa,Arthars,earthars6c@reddit.com,Female
230,Tami,Janaway,tjanaway6d@nydailynews.com,Female
231,Timofei,Rimes,trimes6e@jigsy.com,Male
232,Wally,Schanke,wschanke6f@dion.ne.jp,Female
233,Katha,Rraundl,krraundl6g@mysql.com,Female
234,Arlyn,Burlingham,aburlingham6h@alexa.com,Female
235,Fayre,Pringley,fpringley6i@fema.gov,Female
236,Glennie,Kembley,gkembley6j@auda.org.au,Female
237,Evelin,Lines,elines6k@1688.com,Male
238,Waldemar,Swafford,wswafford6l@washington.edu,Male
239,Aurlie,Sayton,asayton6m@bravesites.com,Polygender
240,Lannie,Currao,lcurrao6n@shareasale.com,Male
241,Raychel,Pakes,rpakes6o@bluehost.com,Female
242,Charo,Lile,clile6p@bizjournals.com,Female
243,Curry,Heaselgrave,cheaselgrave6q@parallels.com,Male
244,Sonya,Trudgeon,strudgeon6r@youku.com,Female
245,Tova,Kleint,tkleint6s@woothemes.com,Female
246,Val,Carp,vcarp6t@stanford.edu,Female
247,Eden,McCrudden,emccrudden6u@blogs.com,Female
248,Hendrick,Gwilliam,hgwilliam6v@irs.gov,Male
249,Rudd,Cordelle,rcordelle6w@google.es,Male
250,Mariette,Headon,mheadon6x@cdc.gov,Female
251,Constantin,Anersen,canersen6y@goodreads.com,Male
252,Morey,Beardon,mbeardon6z@trellian.com,Male
253,Tobin,Arni,tarni70@youku.com,Male
254,Taffy,Chichgar,tchichgar71@java.com,Female
255,Sarina,Menci,smenci72@usda.gov,Genderfluid
256,Dolli,Lownes,dlownes73@nsw.gov.au,Female
257,Filbert,Marcone,fmarcone74@sina.com.cn,Male
258,Candy,Peche,cpeche75@artisteer.com,Female
259,Sianna,Fairchild,sfairchild76@psu.edu,Female
260,Margot,Yarker,myarker77@jalbum.net,Female
261,Sauveur,Ickovitz,sickovitz78@flickr.com,Male
262,Antonino,Haugg,ahaugg79@yelp.com,Male
263,Loy,Izatt,lizatt7a@yellowbook.com,Male
264,Ainsley,McCullough,amccullough7b@state.tx.us,Female
265,Chariot,Byrd,cbyrd7c@salon.com,Male
266,Caleb,Chapiro,cchapiro7d@illinois.edu,Male
267,Laughton,Ballaam,lballaam7e@loc.gov,Male
268,Maud,Allam,mallam7f@flickr.com,Female
269,Cristen,Gabbot,cgabbot7g@yale.edu,Female
270,Ivie,Moizer,imoizer7h@hexun.com,Female
271,Raymond,Pedwell,rpedwell7i@cornell.edu,Male
272,Kingston,Han,khan7j@wikispaces.com,Male
273,Raff,Finden,rfinden7k@theatlantic.com,Male
274,Berni,Leisman,bleisman7l@plala.or.jp,Female
275,Yale,Treadgall,ytreadgall7m@cnbc.com,Male
276,Phaedra,Pigford,ppigford7n@lycos.com,Female
277,Winne,Dy,wdy7o@nationalgeographic.com,Non-binary
278,Karil,Todhunter,ktodhunter7p@blog.com,Female
279,Farah,Pymm,fpymm7q@economist.com,Female
280,Julita,Cawthorne,jcawthorne7r@salon.com,Female
281,Herbert,Ellesmere,hellesmere7s@mail.ru,Male
282,Janette,Lowdham,jlowdham7t@webs.com,Female
283,Dennison,Wakley,dwakley7u@sun.com,Male
284,Nada,Iliff,niliff7v@yale.edu,Female
285,Richmond,Peacocke,rpeacocke7w@go.com,Male
286,Arni,Ritzman,aritzman7x@yahoo.co.jp,Male
287,Penelopa,Landeaux,plandeaux7y@mlb.com,Female
288,Kip,Inchboard,kinchboard7z@odnoklassniki.ru,Male
289,Fabio,Davana,fdavana80@vistaprint.com,Male
290,Lexie,Duggon,lduggon81@sourceforge.net,Female
291,Austina,Brundrett,abrundrett82@chronoengine.com,Female
292,Dale,Swett,dswett83@prnewswire.com,Genderqueer
293,Devy,Cheyne,dcheyne84@drupal.org,Male
294,Marinna,Dudleston,mdudleston85@yelp.com,Female
295,Pace,Crownshaw,pcrownshaw86@typepad.com,Male
296,Roana,Scutter,rscutter87@amazon.co.jp,Female
297,Sky,Reeds,sreeds88@go.com,Male
298,Amery,Logsdail,alogsdail89@psu.edu,Male
299,Franzen,Martini,fmartini8a@alibaba.com,Male
300,Link,Tressler,ltressler8b@who.int,Genderqueer
301,Anne-corinne,Dulinty,adulinty8c@cocolog-nifty.com,Female
302,Olvan,Webermann,owebermann8d@theatlantic.com,Male
303,Derrick,Olohan,dolohan8e@google.fr,Male
304,Remy,Horrigan,rhorrigan8f@guardian.co.uk,Female
305,Tersina,Simonin,tsimonin8g@list-manage.com,Female
306,Verney,O'Scanlon,voscanlon8h@tinypic.com,Male
307,Moreen,Kiely,mkiely8i@sphinn.com,Female
308,Devlen,Canon,dcanon8j@quantcast.com,Male
309,El,Beers,ebeers8k@yolasite.com,Male
310,Denni,Branche,dbranche8l@patch.com,Female
311,Samantha,Gabey,sgabey8m@sciencedirect.com,Female
312,Cortney,Tofanini,ctofanini8n@europa.eu,Female
313,Tildy,Keune,tkeune8o@house.gov,Female
314,Lou,Conkling,lconkling8p@illinois.edu,Female
315,Rudolf,Forrestill,rforrestill8q@google.fr,Male
316,Terrel,Kubica,tkubica8r@delicious.com,Male
317,Urbano,Cornejo,ucornejo8s@economist.com,Male
318,Guillermo,Melrose,gmelrose8t@prnewswire.com,Male
319,Ikey,Dows,idows8u@guardian.co.uk,Male
320,Lexie,Hanbury-Brown,lhanburybrown8v@intel.com,Female
321,Dollie,Proby,dproby8w@psu.edu,Female
322,Sydel,Annell,sannell8x@jugem.jp,Female
323,Andres,Varah,avarah8y@ed.gov,Male
324,Luisa,Adam,ladam8z@shinystat.com,Female
325,Hirsch,Hamsher,hhamsher90@wordpress.org,Male
326,Maybelle,Cornforth,mcornforth91@weather.com,Genderqueer
327,Baird,Flury,bflury92@bravesites.com,Male
328,Elinor,Schule,eschule93@delicious.com,Female
329,Rolf,Cuthbertson,rcuthbertson94@fc2.com,Male
330,Patrizius,Semkins,psemkins95@elpais.com,Male
331,Rodolph,Landeaux,rlandeaux96@google.com.br,Male
332,Jessalyn,Lejeune,jlejeune97@livejournal.com,Female
333,Roselle,Spedroni,rspedroni98@si.edu,Female
334,Lucho,Gabbetis,lgabbetis99@google.pl,Male
335,Clarisse,Besemer,cbesemer9a@wiley.com,Female
336,Joanna,Walaron,jwalaron9b@google.ru,Female
337,Kassandra,Mewett,kmewett9c@dropbox.com,Female
338,Colman,Skirvane,cskirvane9d@eventbrite.com,Male
339,Dougy,Blitz,dblitz9e@unblog.fr,Male
340,Davin,Freiburger,dfreiburger9f@icq.com,Male
341,Marne,Lambin,mlambin9g@hatena.ne.jp,Polygender
342,Nollie,Brigham,nbrigham9h@google.com.au,Male
343,Wilmar,Baltzar,wbaltzar9i@51.la,Male
344,Decca,Kings,dkings9j@odnoklassniki.ru,Male
345,Jareb,Ducket,jducket9k@angelfire.com,Male
346,Aluin,Tunmore,atunmore9l@ft.com,Agender
347,Richardo,Tunkin,rtunkin9m@furl.net,Male
348,Kristan,Prudence,kprudence9n@dyndns.org,Female
349,Theobald,Stowell,tstowell9o@ameblo.jp,Male
350,Michal,Fearnyhough,mfearnyhough9p@cbslocal.com,Male
351,Mercie,Donn,mdonn9q@jigsy.com,Bigender
352,Dedra,Sproat,dsproat9r@photobucket.com,Female
353,Mariejeanne,Elmar,melmar9s@mozilla.com,Female
354,Hildy,Figgen,hfiggen9t@hp.com,Female
355,Oran,McEwan,omcewan9u@behance.net,Male
356,Bartlet,Edgerton,bedgerton9v@odnoklassniki.ru,Male
357,Rhoda,Roughan,rroughan9w@digg.com,Female
358,Neall,Cleverley,ncleverley9x@live.com,Male
359,Ardyth,Taffurelli,ataffurelli9y@earthlink.net,Genderqueer
360,Bartram,Wilmot,bwilmot9z@scientificamerican.com,Male
361,Barbara,Seville,bsevillea0@wired.com,Female
362,Francois,Heggadon,fheggadona1@uol.com.br,Male
363,Samara,Hemstead,shemsteada2@delicious.com,Female
364,Arly,Richardsson,arichardssona3@slate.com,Female
365,Bianca,Sharpe,bsharpea4@mlb.com,Agender
366,Sheeree,Callaby,scallabya5@soundcloud.com,Genderqueer
367,Kelsey,MacAleese,kmacaleesea6@cpanel.net,Female
368,Wylma,Cescon,wcescona7@gmpg.org,Female
369,Gerik,Fallows,gfallowsa8@sciencedaily.com,Polygender
370,Derrick,Palmer,dpalmera9@instagram.com,Male
371,Niall,Trussell,ntrussellaa@flavors.me,Male
372,Jacquetta,Deverille,jdeverilleab@webeden.co.uk,Female
373,Reece,Bernaert,rbernaertac@uol.com.br,Male
374,Benjamen,Marioneau,bmarioneauad@wp.com,Male
375,Kris,Poyner,kpoynerae@flavors.me,Male
376,Mellisent,Hartfield,mhartfieldaf@time.com,Female
377,Myer,Boldero,mbolderoag@ameblo.jp,Male
378,Aimil,Gocke,agockeah@w3.org,Female
379,Gaylene,Poulsen,gpoulsenai@seesaa.net,Female
380,Hamilton,Aksell,haksellaj@canalblog.com,Male
381,Ossie,Rosenbarg,orosenbargak@springer.com,Male
382,Glenn,Pedley,gpedleyal@nyu.edu,Female
383,Patty,Eyckelberg,peyckelbergam@last.fm,Male
384,Em,Thorington,ethoringtonan@mozilla.com,Female
385,Aigneis,Argente,aargenteao@ameblo.jp,Female
386,Christos,Peschka,cpeschkaap@elpais.com,Male
387,Danielle,Axelby,daxelbyaq@newyorker.com,Female
388,Feodor,Valentine,fvalentinear@woothemes.com,Male
389,Barrett,Duncklee,bdunckleeas@delicious.com,Male
390,Brendon,Row,browat@edublogs.org,Male
391,Evie,Guyon,eguyonau@slideshare.net,Female
392,Carroll,Mellings,cmellingsav@oakley.com,Male
393,Dyanne,Flaune,dflauneaw@nyu.edu,Female
394,Conrad,Humerstone,chumerstoneax@jugem.jp,Male
395,Cyrus,Gribble,cgribbleay@mysql.com,Male
396,Mahalia,Doley,mdoleyaz@tmall.com,Female
397,Chelsey,Quigg,cquiggb0@clickbank.net,Female
398,Alfreda,Viegas,aviegasb1@goodreads.com,Female
399,Nickie,Cann,ncannb2@quantcast.com,Male
400,Hal,Norheny,hnorhenyb3@bloomberg.com,Male
401,Amory,Clapperton,aclappertonb4@fda.gov,Male
402,Scot,Yankishin,syankishinb5@mapquest.com,Male
403,Gustavo,Cashmore,gcashmoreb6@mozilla.com,Male
404,Tedman,Cussins,tcussinsb7@nps.gov,Male
405,Claudetta,Plaid,cplaidb8@mysql.com,Female
406,Skipp,Olney,solneyb9@google.cn,Male
407,Abbey,Allchin,aallchinba@fda.gov,Male
408,Suzi,Harmant,sharmantbb@artisteer.com,Female
409,Valentin,Squirrel,vsquirrelbc@psu.edu,Male
410,Britney,Rigden,brigdenbd@smh.com.au,Female
411,Bear,Skill,bskillbe@newyorker.com,Male
412,Porter,Vosse,pvossebf@i2i.jp,Male
413,Ninon,Aleso,nalesobg@moonfruit.com,Female
414,Glynn,Dowell,gdowellbh@cyberchimps.com,Male
415,Donnajean,Lardier,dlardierbi@elegantthemes.com,Female
416,Eben,Zealy,ezealybj@wix.com,Male
417,Kelly,Calbaithe,kcalbaithebk@cocolog-nifty.com,Female
418,Dallis,Giovanizio,dgiovaniziobl@nsw.gov.au,Male
419,Berti,Bonfield,bbonfieldbm@cpanel.net,Male
420,Ky,Furmagier,kfurmagierbn@artisteer.com,Male
421,Patrice,Hammant,phammantbo@businessweek.com,Male
422,Rollins,Gemson,rgemsonbp@moonfruit.com,Male
423,Staford,Lukasen,slukasenbq@japanpost.jp,Male
424,Marshal,Plewman,mplewmanbr@nymag.com,Genderqueer
425,Allsun,Stolte,astoltebs@newyorker.com,Female
426,Modesta,Dayne,mdaynebt@tiny.cc,Female
427,Remus,Dudley,rdudleybu@alexa.com,Male
428,Cesar,Seagar,cseagarbv@chicagotribune.com,Male
429,Gwenore,Dymock,gdymockbw@usda.gov,Female
430,Jacenta,Moorhouse,jmoorhousebx@gravatar.com,Female
431,Malory,Cockell,mcockellby@wikipedia.org,Bigender
432,Jerrine,Petrie,jpetriebz@meetup.com,Polygender
433,Evita,Chrisp,echrispc0@jiathis.com,Female
434,Foss,Crips,fcripsc1@yahoo.co.jp,Male
435,Trescha,Desson,tdessonc2@sphinn.com,Female
436,Cory,Bromont,cbromontc3@yellowbook.com,Female
437,Maisey,Gabbitas,mgabbitasc4@hud.gov,Female
438,Parrnell,Tatlow,ptatlowc5@mozilla.com,Male
439,Jermayne,Bridgeman,jbridgemanc6@imgur.com,Male
440,Cass,MacConnel,cmacconnelc7@youtube.com,Male
441,Simeon,Pendleton,spendletonc8@nationalgeographic.com,Male
442,Hasty,Donnison,hdonnisonc9@jigsy.com,Non-binary
443,Bastian,Whales,bwhalesca@tinyurl.com,Male
444,Stavro,Jelly,sjellycb@wp.com,Male
445,Abbot,Haseldine,ahaseldinecc@delicious.com,Male
446,Florette,Sansam,fsansamcd@1und1.de,Female
447,Wash,Causey,wcauseyce@addthis.com,Male
448,Freeland,Corp,fcorpcf@taobao.com,Male
449,Addia,Rattray,arattraycg@goo.gl,Female
450,Kirsten,Cowx,kcowxch@lycos.com,Female
451,Mortimer,Siely,msielyci@google.cn,Male
452,Tessi,Delia,tdeliacj@scientificamerican.com,Female
453,Timothee,Willcott,twillcottck@livejournal.com,Male
454,Walther,Lavallie,wlavalliecl@va.gov,Male
455,Ashlie,Struther,astruthercm@msn.com,Female
456,Derick,Gerrelts,dgerreltscn@sogou.com,Male
457,Ricky,Tavener,rtavenerco@biblegateway.com,Male
458,Brynna,Kerbler,bkerblercp@indiatimes.com,Female
459,Vasilis,Shinner,vshinnercq@shop-pro.jp,Male
460,Anette,Meriton,ameritoncr@auda.org.au,Female
461,Garnet,Gonthier,ggonthiercs@flickr.com,Female
462,Clarabelle,Balassa,cbalassact@noaa.gov,Female
463,Vassili,MacCook,vmaccookcu@craigslist.org,Male
464,Addy,Pauli,apaulicv@stanford.edu,Genderqueer
465,Jayne,Spurdens,jspurdenscw@fotki.com,Female
466,Dilan,Scroyton,dscroytoncx@alibaba.com,Male
467,Jasen,Dulake,jdulakecy@blogspot.com,Male
468,Jemie,Kliemke,jkliemkecz@chronoengine.com,Female
469,Cecile,Croke,ccroked0@businessweek.com,Female
470,Germain,Curtayne,gcurtayned1@cisco.com,Female
471,Samantha,Neasam,sneasamd2@nps.gov,Female
472,Shermy,Okroy,sokroyd3@360.cn,Male
473,Hildegaard,Cockin,hcockind4@aboutads.info,Female
474,Gilberto,Pynn,gpynnd5@washington.edu,Male
475,Lucais,Lanahan,llanahand6@ovh.net,Male
476,Celestina,Coleby,ccolebyd7@cnn.com,Female
477,Doretta,Jasper,djasperd8@dion.ne.jp,Female
478,Idelle,Benyan,ibenyand9@reuters.com,Female
479,Trstram,Tremelling,ttremellingda@issuu.com,Male
480,Lanny,Bootman,lbootmandb@mediafire.com,Female
481,Gannie,Crowter,gcrowterdc@goo.ne.jp,Non-binary
482,Indira,Ardy,iardydd@mysql.com,Female
483,Courtnay,Trenchard,ctrenchardde@i2i.jp,Male
484,Eadith,Wickey,ewickeydf@va.gov,Female
485,Launce,Tripet,ltripetdg@sciencedirect.com,Male
486,Lurette,Medgewick,lmedgewickdh@java.com,Female
487,Nilson,Hallawell,nhallawelldi@microsoft.com,Male
488,Woodman,Braycotton,wbraycottondj@usatoday.com,Male
489,Nathanil,Plowright,nplowrightdk@nasa.gov,Male
490,Jordon,Olyet,jolyetdl@prnewswire.com,Male
491,Brooke,Stutard,bstutarddm@etsy.com,Male
492,Issi,Cattow,icattowdn@japanpost.jp,Female
493,Lincoln,Foggarty,lfoggartydo@gmpg.org,Male
494,Gregory,Bannell,gbannelldp@feedburner.com,Male
495,Clare,Brodway,cbrodwaydq@pagesperso-orange.fr,Male
496,Oran,Bucktharp,obucktharpdr@paypal.com,Male
497,Trista,Kaye,tkayeds@google.com,Female
498,Innis,Akid,iakiddt@toplist.cz,Male
499,Martainn,Hutchin,mhutchindu@angelfire.com,Male
500,Klemens,Dafforne,kdaffornedv@trellian.com,Male
501,Otes,Metherell,ometherelldw@infoseek.co.jp,Male
502,Salomone,Raison,sraisondx@mtv.com,Male
503,Rhoda,Dearden,rdeardendy@ca.gov,Female
504,Lori,Threlkeld,lthrelkelddz@sciencedirect.com,Female
505,Barbie,Desport,bdesporte0@istockphoto.com,Female
506,Nicolai,Nutty,nnuttye1@nymag.com,Male
507,Shawn,Eveling,sevelinge2@prnewswire.com,Male
508,Anneliese,Alessandrini,aalessandrinie3@patch.com,Female
509,Kayne,Dolton,kdoltone4@rakuten.co.jp,Male
510,Igor,Birrane,ibirranee5@ebay.co.uk,Genderfluid
511,Gertruda,Spata,gspatae6@creativecommons.org,Female
512,Netta,Duffil,nduffile7@hud.gov,Female
513,Deane,Pharoah,dpharoahe8@nasa.gov,Male
514,Sylvester,Murgatroyd,smurgatroyde9@blinklist.com,Genderfluid
515,Jecho,Robelin,jrobelinea@home.pl,Male
516,Kathy,Bolderson,kboldersoneb@harvard.edu,Female
517,Lon,Bulpitt,lbulpittec@japanpost.jp,Male
518,Genni,Folbige,gfolbigeed@delicious.com,Female
519,Thelma,Lardge,tlardgeee@independent.co.uk,Female
520,Shaughn,Haugeh,shaugehef@jigsy.com,Polygender
521,Eddy,Dibbert,edibberteg@last.fm,Male
522,Gardiner,Handman,ghandmaneh@princeton.edu,Male
523,Steve,Timmis,stimmisei@fastcompany.com,Male
524,Jeffy,Kirkup,jkirkupej@patch.com,Male
525,Scotti,Crowth,scrowthek@flickr.com,Male
526,Kimble,Sperwell,ksperwellel@dyndns.org,Male
527,Berget,Matchett,bmatchettem@gmpg.org,Female
528,Nolly,Pavy,npavyen@devhub.com,Male
529,Emmott,Spinke,espinkeeo@homestead.com,Male
530,Hettie,Leport,hleportep@google.ca,Female
531,Rich,Berfoot,rberfooteq@dion.ne.jp,Male
532,Dianna,Lefridge,dlefridgeer@google.co.uk,Genderqueer
533,Bird,Jory,bjoryes@1und1.de,Female
534,Julie,Guilfoyle,jguilfoyleet@japanpost.jp,Male
535,Natividad,Spinetti,nspinettieu@rambler.ru,Female
536,Kirsten,Loyd,kloydev@bizjournals.com,Female
537,Corinna,Muldowney,cmuldowneyew@ameblo.jp,Non-binary
538,Ike,Cansdell,icansdellex@paginegialle.it,Male
539,Hadlee,Hakonsson,hhakonssoney@a8.net,Male
540,Pammy,Jansen,pjansenez@slate.com,Female
541,Christin,Havers,chaversf0@nasa.gov,Female
542,Joannes,Dyzart,jdyzartf1@amazonaws.com,Female
543,Myrna,Archibald,marchibaldf2@howstuffworks.com,Female
544,Vasili,Spon,vsponf3@mit.edu,Male
545,Ardyth,Trower,atrowerf4@elegantthemes.com,Female
546,Jobey,Bolland,jbollandf5@house.gov,Female
547,Suzanna,Masdin,smasdinf6@xrea.com,Female
548,Sydney,Eymor,seymorf7@ed.gov,Male
549,Romy,Germaine,rgermainef8@slideshare.net,Female
550,Blaire,Clutram,bclutramf9@4shared.com,Female
551,Libbi,Hayselden,lhayseldenfa@marketwatch.com,Female
552,Pinchas,Laden,pladenfb@unc.edu,Male
553,Port,Coils,pcoilsfc@spotify.com,Male
554,Torey,Howson,thowsonfd@home.pl,Female
555,Nataniel,Kerrigan,nkerriganfe@baidu.com,Male
556,Latashia,Assante,lassanteff@ucsd.edu,Agender
557,Laryssa,Girardin,lgirardinfg@theguardian.com,Female
558,Miner,Connell,mconnellfh@amazon.com,Male
559,Vyky,Feye,vfeyefi@theatlantic.com,Female
560,Even,Papierz,epapierzfj@google.com.br,Male
561,Lyssa,Flament,lflamentfk@surveymonkey.com,Female
562,Starlin,Lempenny,slempennyfl@nih.gov,Female
563,Tawnya,Hindge,thindgefm@de.vu,Female
564,Dill,Orlton,dorltonfn@drupal.org,Male
565,Edik,Gyver,egyverfo@cyberchimps.com,Male
566,Koenraad,Riquet,kriquetfp@scientificamerican.com,Male
567,Pet,Guilbert,pguilbertfq@pagesperso-orange.fr,Female
568,Marcia,McKerron,mmckerronfr@webmd.com,Genderqueer
569,Gregoire,Jaszczak,gjaszczakfs@tripadvisor.com,Male
570,Constantino,Haggath,chaggathft@nasa.gov,Non-binary
571,Benton,Aaron,baaronfu@lycos.com,Male
572,Edik,Toy,etoyfv@dropbox.com,Male
573,Leif,Venard,lvenardfw@tamu.edu,Male
574,Dougie,Arne,darnefx@npr.org,Male
575,Kelly,Seabon,kseabonfy@blinklist.com,Male
576,Wendy,Jolliffe,wjolliffefz@cargocollective.com,Female
577,Marni,Vassall,mvassallg0@hexun.com,Female
578,Giorgi,Grundell,ggrundellg1@nymag.com,Male
579,Fergus,Lafranconi,flafranconig2@pinterest.com,Male
580,Aleksandr,Donnel,adonnelg3@icq.com,Male
581,Molli,Schollick,mschollickg4@live.com,Female
582,Marisa,Nolte,mnolteg5@nationalgeographic.com,Female
583,Brody,Elvish,belvishg6@cnbc.com,Agender
584,Gabriel,Buggs,gbuggsg7@ocn.ne.jp,Male
585,Gerrilee,Jacobsson,gjacobssong8@disqus.com,Female
586,Rory,Otton,rottong9@barnesandnoble.com,Female
587,Kingsley,Wardell,kwardellga@e-recht24.de,Male
588,Carmel,Ransom,cransomgb@google.cn,Female
589,Gabriello,O'Hannay,gohannaygc@ucsd.edu,Male
590,Mirabelle,Atter,mattergd@salon.com,Female
591,Hillel,Canero,hcaneroge@csmonitor.com,Male
592,Corenda,Tams,ctamsgf@scientificamerican.com,Female
593,Carmita,Roebottom,croebottomgg@4shared.com,Genderqueer
594,Ignacio,Ramsbottom,iramsbottomgh@drupal.org,Male
595,Germayne,Currall,gcurrallgi@intel.com,Male
596,Gennie,Hackworth,ghackworthgj@imgur.com,Polygender
597,Cybil,Laidlow,claidlowgk@nba.com,Female
598,Alayne,Woodroofe,awoodroofegl@cornell.edu,Female
599,Stanford,Roon,sroongm@mapy.cz,Male
600,Tallou,Shotboult,tshotboultgn@nymag.com,Female
601,Odella,Boycott,oboycottgo@squidoo.com,Female
602,Christin,Heinzler,cheinzlergp@wsj.com,Female
603,Jammal,Tippler,jtipplergq@fc2.com,Genderfluid
604,Alister,Clandillon,aclandillongr@msn.com,Male
605,Aleece,Life,alifegs@baidu.com,Female
606,Dari,Paolozzi,dpaolozzigt@state.gov,Female
607,Dina,Laguerre,dlaguerregu@disqus.com,Female
608,Pamella,Gowling,pgowlinggv@nydailynews.com,Female
609,Roxy,Allanson,rallansongw@pagesperso-orange.fr,Female
610,Davida,Fenne,dfennegx@jiathis.com,Female
611,Darn,Abriani,dabrianigy@ebay.co.uk,Male
612,Alair,Gaffey,agaffeygz@mapy.cz,Male
613,Elana,Brose,ebroseh0@miitbeian.gov.cn,Female
614,Augie,Castel,acastelh1@uol.com.br,Male
615,Kacey,Avramovich,kavramovichh2@forbes.com,Female
616,Stanislaus,Bold,sboldh3@shop-pro.jp,Male
617,Norah,Marthen,nmarthenh4@eventbrite.com,Female
618,Reynard,Muttock,rmuttockh5@is.gd,Male
619,Alanah,Pudan,apudanh6@sfgate.com,Female
620,Ameline,McKerron,amckerronh7@amazon.co.jp,Female
621,Suki,Jeeks,sjeeksh8@shop-pro.jp,Female
622,Amii,Grodden,agroddenh9@chron.com,Female
623,Eldridge,Palphreyman,epalphreymanha@opensource.org,Male
624,Boyce,Poulsom,bpoulsomhb@independent.co.uk,Male
625,Isidor,Grestye,igrestyehc@wikia.com,Male
626,Florette,Treweke,ftrewekehd@tinypic.com,Genderqueer
627,Harley,Maclaine,hmaclainehe@bluehost.com,Male
628,Marvin,Gyorgy,mgyorgyhf@noaa.gov,Male
629,Heindrick,Blackwell,hblackwellhg@springer.com,Male
630,Otes,Ruby,orubyhh@godaddy.com,Male
631,Gardiner,Simpkiss,gsimpkisshi@discuz.net,Male
632,Hillard,Mordanti,hmordantihj@biblegateway.com,Male
633,Adolpho,Hurling,ahurlinghk@google.cn,Male
634,Marieann,Carver,mcarverhl@latimes.com,Female
635,Rosanne,Tempest,rtempesthm@chronoengine.com,Female
636,Justino,Keam,jkeamhn@myspace.com,Male
637,Isabelle,Funcheon,ifuncheonho@who.int,Female
638,Jolene,Stoltz,jstoltzhp@fotki.com,Female
639,Libbey,Kristof,lkristofhq@cisco.com,Female
640,Clem,Raff,craffhr@nyu.edu,Female
641,Benn,Janse,bjansehs@tinypic.com,Male
642,Emilie,MacGibbon,emacgibbonht@icq.com,Female
643,Augustina,Zannutti,azannuttihu@weibo.com,Female
644,Tess,Chelsom,tchelsomhv@pbs.org,Bigender
645,Donovan,Buggs,dbuggshw@bbc.co.uk,Genderfluid
646,Emlynn,Pickard,epickardhx@squidoo.com,Female
647,Barrie,Boutellier,bboutellierhy@chronoengine.com,Male
648,Hilda,Mighele,hmighelehz@technorati.com,Female
649,Laural,Putson,lputsoni0@weather.com,Female
650,Gabriella,Tease,gteasei1@ezinearticles.com,Female
651,Derrick,Fritz,dfritzi2@amazon.co.jp,Male
652,Larissa,Farnon,lfarnoni3@nhs.uk,Female
653,Gus,Lindeman,glindemani4@fastcompany.com,Male
654,Amandy,Waith,awaithi5@is.gd,Female
655,Corny,Shovlin,cshovlini6@huffingtonpost.com,Female
656,Emmott,De Cristofalo,edecristofaloi7@state.tx.us,Male
657,Miguel,Sheraton,msheratoni8@auda.org.au,Male
658,Cristionna,MacCrackan,cmaccrackani9@goodreads.com,Genderfluid
659,Noelani,Joddens,njoddensia@ucoz.com,Female
660,Alford,Matthis,amatthisib@newsvine.com,Male
661,Winslow,Gresham,wgreshamic@nytimes.com,Male
662,Kristyn,Gwynn,kgwynnid@wikispaces.com,Female
663,Estrella,Ewing,eewingie@bloglines.com,Bigender
664,Bram,Giblett,bgiblettif@reddit.com,Male
665,Baird,Jeroch,bjerochig@dailymail.co.uk,Male
666,Em,Goford,egofordih@nyu.edu,Female
667,Casandra,Teaz,cteazii@sbwire.com,Female
668,Jeno,Bettington,jbettingtonij@independent.co.uk,Male
669,Patrice,Pellamonuten,ppellamonutenik@sina.com.cn,Polygender
670,Jasmin,Feaviour,jfeaviouril@discovery.com,Female
671,Saree,Dyet,sdyetim@google.com.au,Non-binary
672,Karla,Serck,kserckin@weather.com,Genderfluid
673,Filberto,De Cruz,fdecruzio@sphinn.com,Male
674,Crissie,Girton,cgirtonip@paypal.com,Female
675,Sander,Oxley,soxleyiq@yahoo.com,Male
676,Emmalee,Eynaud,eeynaudir@ovh.net,Female
677,Jeddy,Grainge,jgraingeis@github.com,Male
678,Eugenie,Cureton,ecuretonit@jugem.jp,Female
679,Delaney,Cambell,dcambelliu@joomla.org,Male
680,Rosemarie,Cheetham,rcheethamiv@vistaprint.com,Female
681,Obadias,McEvon,omcevoniw@canalblog.com,Male
682,Edythe,Mouland,emoulandix@over-blog.com,Female
683,Selestina,Eixenberger,seixenbergeriy@boston.com,Female
684,George,Zisneros,gzisnerosiz@apple.com,Female
685,Jamie,Le Franc,jlefrancj0@imageshack.us,Male
686,Wallis,Beggini,wbegginij1@github.io,Male
687,Cicily,Godley,cgodleyj2@facebook.com,Female
688,Corliss,Caygill,ccaygillj3@narod.ru,Non-binary
689,Carmelina,Davidavidovics,cdavidavidovicsj4@taobao.com,Female
690,Koo,Springle,kspringlej5@sina.com.cn,Female
691,Greg,Strathearn,gstrathearnj6@1und1.de,Male
692,Chen,Littlejohns,clittlejohnsj7@mail.ru,Male
693,Rachele,Deadman,rdeadmanj8@fastcompany.com,Female
694,Dawn,Bibbie,dbibbiej9@amazon.co.uk,Female
695,Fabien,Letterick,fletterickja@list-manage.com,Male
696,Alvan,Bradborne,abradbornejb@geocities.com,Male
697,Leena,Pethick,lpethickjc@foxnews.com,Female
698,Sigmund,Simco,ssimcojd@ted.com,Male
699,Kayla,Crannage,kcrannageje@ustream.tv,Female
700,Rutledge,Loude,rloudejf@goodreads.com,Genderqueer
701,Troy,Mapstone,tmapstonejg@opensource.org,Male
702,Obediah,Posten,opostenjh@newyorker.com,Male
703,Harman,Crysell,hcrysellji@slideshare.net,Male
704,Layney,Fletcher,lfletcherjj@squidoo.com,Female
705,Jermain,MacPeice,jmacpeicejk@blogger.com,Male
706,Augy,Cowles,acowlesjl@desdev.cn,Male
707,Mureil,Farnes,mfarnesjm@hibu.com,Female
708,Tannie,Tour,ttourjn@rakuten.co.jp,Male
709,Murry,Cuell,mcuelljo@bloglines.com,Male
710,Didi,Beurich,dbeurichjp@ifeng.com,Female
711,Trever,Junkin,tjunkinjq@sciencedaily.com,Male
712,Avrom,Covely,acovelyjr@cbsnews.com,Male
713,Aviva,Besant,abesantjs@wisc.edu,Female
714,Sarina,Thelwll,sthelwlljt@vkontakte.ru,Female
715,Cate,Dunkerton,cdunkertonju@smugmug.com,Female
716,Raffaello,Rosenberg,rrosenbergjv@com.com,Male
717,Oates,Siseland,osiselandjw@cbslocal.com,Male
718,Ruth,Cozzi,rcozzijx@wikipedia.org,Female
719,Petronella,Cattroll,pcattrolljy@indiatimes.com,Female
720,Abraham,Stangroom,astangroomjz@surveymonkey.com,Male
721,Timmy,Newbury,tnewburyk0@timesonline.co.uk,Female
722,Morten,Gutridge,mgutridgek1@wired.com,Male
723,Chic,Mateiko,cmateikok2@hubpages.com,Male
724,Garvin,Mostin,gmostink3@wired.com,Male
725,Arlene,Blunden,ablundenk4@mail.ru,Female
726,Perceval,Beausang,pbeausangk5@amazon.co.uk,Male
727,Thornton,Glynne,tglynnek6@ft.com,Male
728,Reece,Duckit,rduckitk7@nps.gov,Male
729,Diena,Azema,dazemak8@patch.com,Female
730,Noach,Findlater,nfindlaterk9@vk.com,Male
731,Nadiya,Cancelier,ncancelierka@google.ca,Female
732,Augusto,McCowen,amccowenkb@1und1.de,Male
733,Amery,Triplow,atriplowkc@independent.co.uk,Male
734,Lauralee,Masseo,lmasseokd@salon.com,Female
735,Edee,Skettles,eskettleske@163.com,Female
736,Kasper,Snowball,ksnowballkf@theatlantic.com,Male
737,Kristofer,McMeanma,kmcmeanmakg@archive.org,Male
738,Mitchel,Wiltsher,mwiltsherkh@behance.net,Male
739,Brok,Batman,bbatmanki@weebly.com,Male
740,Gallagher,Coggeshall,gcoggeshallkj@wikispaces.com,Male
741,Hugues,Elegood,helegoodkk@unesco.org,Non-binary
742,Aile,Fordy,afordykl@walmart.com,Non-binary
743,Arlene,Mellhuish,amellhuishkm@apple.com,Female
744,Alia,Barhem,abarhemkn@foxnews.com,Female
745,Janeen,Gaukrodge,jgaukrodgeko@chronoengine.com,Female
746,Ansel,Vaughn,avaughnkp@newyorker.com,Male
747,Jervis,Louche,jlouchekq@bizjournals.com,Male
748,Pamelina,Sandon,psandonkr@amazon.co.uk,Female
749,Margit,Flooks,mflooksks@fda.gov,Female
750,Freeland,Lenham,flenhamkt@hubpages.com,Male
751,Rebbecca,Brydon,rbrydonku@columbia.edu,Female
752,Bartholomeo,Scaife,bscaifekv@mapquest.com,Male
753,Tierney,Devorill,tdevorillkw@springer.com,Bigender
754,Yolanthe,Benninck,ybenninckkx@oracle.com,Female
755,Leila,Kenryd,lkenrydky@wikia.com,Female
756,Kingsley,Kalker,kkalkerkz@yolasite.com,Male
757,Lauritz,Brusle,lbruslel0@bizjournals.com,Male
758,Belia,Greenalf,bgreenalfl1@mozilla.org,Female
759,Sonnie,Moakes,smoakesl2@tripod.com,Male
760,Mirabella,Albon,malbonl3@wordpress.org,Genderqueer
761,Darice,Knutton,dknuttonl4@intel.com,Female
762,Ashby,Parriss,aparrissl5@weibo.com,Male
763,Zea,Pochon,zpochonl6@multiply.com,Female
764,Vince,Raffin,vraffinl7@ezinearticles.com,Male
765,Missie,Matanin,mmataninl8@tinypic.com,Genderqueer
766,Henrietta,Aicken,haickenl9@arstechnica.com,Female
767,Esther,Tuffs,etuffsla@indiegogo.com,Polygender
768,Arni,Knoller,aknollerlb@howstuffworks.com,Male
769,Helenka,Broom,hbroomlc@techcrunch.com,Female
770,Brynn,Hillaby,bhillabyld@odnoklassniki.ru,Female
771,Esther,Flowerden,eflowerdenle@bbc.co.uk,Female
772,Marrissa,Beaudry,mbeaudrylf@friendfeed.com,Polygender
773,Bernadine,Rotte,brottelg@mac.com,Female
774,Franklin,Shearston,fshearstonlh@si.edu,Male
775,Pammi,Hanselman,phanselmanli@webs.com,Female
776,Peadar,Schanke,pschankelj@devhub.com,Genderfluid
777,Donica,Jahndel,djahndellk@google.it,Female
778,Jenine,Zorzenoni,jzorzenonill@freewebs.com,Female
779,Rhys,Coviello,rcoviellolm@ycombinator.com,Male
780,Aldrich,Harrowing,aharrowingln@upenn.edu,Male
781,Isaiah,Hallex,ihallexlo@newyorker.com,Male
782,Janella,Tomczak,jtomczaklp@cbc.ca,Female
783,Fanya,Asman,fasmanlq@constantcontact.com,Female
784,Stesha,Fullard,sfullardlr@marketwatch.com,Female
785,Timothy,McAvaddy,tmcavaddyls@ask.com,Male
786,Trever,Mahy,tmahylt@accuweather.com,Male
787,Livvie,Tubb,ltubblu@so-net.ne.jp,Female
788,Natalee,Tabourier,ntabourierlv@wsj.com,Female
789,Celesta,Pignon,cpignonlw@buzzfeed.com,Bigender
790,Theodoric,Birrane,tbirranelx@nifty.com,Male
791,Ortensia,Spinke,ospinkely@bloglines.com,Female
792,Giselbert,Eicke,geickelz@yelp.com,Male
793,Bess,Franzonello,bfranzonellom0@shutterfly.com,Female
794,Damiano,Larimer,dlarimerm1@dagondesign.com,Male
795,Harriott,Scalera,hscaleram2@gmpg.org,Female
796,Adolph,Carnson,acarnsonm3@state.tx.us,Male
797,Karlen,Clinch,kclinchm4@google.ca,Genderqueer
798,Wernher,Bucky,wbuckym5@com.com,Male
799,Cirilo,Collingwood,ccollingwoodm6@elpais.com,Male
800,Cortney,Nickolls,cnickollsm7@shop-pro.jp,Female
801,Griffin,Vennard,gvennardm8@eventbrite.com,Male
802,Morissa,Dinning,mdinningm9@t.co,Female
803,Nariko,Steane,nsteanema@mapquest.com,Female
804,Shauna,Dobble,sdobblemb@sbwire.com,Female
805,Daryl,Havesides,dhavesidesmc@live.com,Female
806,Nikolaos,Rosendahl,nrosendahlmd@ucoz.com,Male
807,Ludovika,Frisdick,lfrisdickme@un.org,Genderqueer
808,Silvio,Purdon,spurdonmf@youku.com,Male
809,Bridgette,Fardell,bfardellmg@ted.com,Female
810,Dave,Shimman,dshimmanmh@nba.com,Male
811,Abbey,Urvoy,aurvoymi@huffingtonpost.com,Male
812,Faustine,Doppler,fdopplermj@samsung.com,Female
813,Raffarty,Headley,rheadleymk@twitpic.com,Male
814,Lorenzo,Very,lveryml@jigsy.com,Male
815,Flory,Gilks,fgilksmm@dailymail.co.uk,Male
816,Karina,Easterbrook,keasterbrookmn@addthis.com,Female
817,Jim,Grioli,jgriolimo@wikipedia.org,Male
818,Arnoldo,Warn,awarnmp@va.gov,Male
819,Fielding,Leguey,flegueymq@dot.gov,Male
820,Alberto,Sifleet,asifleetmr@narod.ru,Male
821,Kent,Spanton,kspantonms@qq.com,Male
822,Greg,Tann,gtannmt@about.com,Male
823,Pauli,Sibthorp,psibthorpmu@g.co,Female
824,Anallise,Scripture,ascripturemv@quantcast.com,Female
825,Crawford,Stollmeier,cstollmeiermw@comcast.net,Male
826,Rainer,Matus,rmatusmx@gravatar.com,Male
827,Roma,Silber,rsilbermy@uiuc.edu,Male
828,Alayne,Herrero,aherreromz@forbes.com,Bigender
829,Dunn,Freak,dfreakn0@tumblr.com,Male
830,Christie,Tilston,ctilstonn1@cafepress.com,Female
831,Micheil,Deering,mdeeringn2@home.pl,Male
832,Ellen,Adney,eadneyn3@chron.com,Female
833,Belvia,Domange,bdomangen4@huffingtonpost.com,Female
834,Chloris,Preston,cprestonn5@cafepress.com,Female
835,Arlin,Huey,ahueyn6@nature.com,Male
836,Job,Fahrenbach,jfahrenbachn7@imgur.com,Male
837,Silvain,Dillintone,sdillintonen8@nationalgeographic.com,Bigender
838,Aridatha,Levis,alevisn9@discovery.com,Female
839,Inglis,Wallbrook,iwallbrookna@spiegel.de,Male
840,Darrick,Lammas,dlammasnb@arstechnica.com,Male
841,Kirby,Tryme,ktrymenc@sphinn.com,Male
842,Jermayne,Gilbanks,jgilbanksnd@amazon.de,Male
843,Jethro,Chester,jchesterne@facebook.com,Male
844,Kara-lynn,Lenton,klentonnf@cornell.edu,Female
845,Andros,Torr,atorrng@cisco.com,Male
846,Olav,Scotland,oscotlandnh@twitter.com,Male
847,Penelope,Tothe,ptotheni@bbb.org,Female
848,Jermaine,Bourthouloume,jbourthouloumenj@businessweek.com,Female
849,Melantha,Syratt,msyrattnk@is.gd,Female
850,Maddi,MacDiarmond,mmacdiarmondnl@de.vu,Polygender
851,Ernie,Gibbs,egibbsnm@51.la,Non-binary
852,Orland,Maria,omariann@mozilla.com,Male
853,Anne-marie,Ouldcott,aouldcottno@ustream.tv,Female
854,Betta,Yoselevitch,byoselevitchnp@goo.ne.jp,Female
855,Paola,Cullin,pcullinnq@edublogs.org,Female
856,Duffie,Mariault,dmariaultnr@cornell.edu,Male
857,Morgen,Alsina,malsinans@imageshack.us,Male
858,Valencia,Hoffmann,vhoffmannnt@blogtalkradio.com,Polygender
859,Kristina,Erdely,kerdelynu@mit.edu,Female
860,Franchot,O'Hoolahan,fohoolahannv@unblog.fr,Male
861,Marlin,Antonomolii,mantonomoliinw@nsw.gov.au,Male
862,Hadlee,Jantet,hjantetnx@ebay.co.uk,Male
863,Tamera,Petrishchev,tpetrishchevny@mayoclinic.com,Female
864,Sandra,Matterdace,smatterdacenz@google.pl,Agender
865,Claus,Launchbury,claunchburyo0@dropbox.com,Male
866,Meryl,Gounot,mgounoto1@1und1.de,Non-binary
867,Pietro,Sanham,psanhamo2@microsoft.com,Male
868,Raphaela,Tattersill,rtattersillo3@flickr.com,Female
869,Vonny,Carloni,vcarlonio4@unc.edu,Female
870,Shurlock,Joutapavicius,sjoutapaviciuso5@spiegel.de,Male
871,Giorgio,Boecke,gboeckeo6@cornell.edu,Male
872,Nellie,Billie,nbillieo7@bloglovin.com,Female
873,Hillyer,Snelgrove,hsnelgroveo8@vkontakte.ru,Male
874,Lynea,Skoate,lskoateo9@slate.com,Female
875,Corbin,Shankland,cshanklandoa@xrea.com,Male
876,Kaylil,Knutton,kknuttonob@who.int,Female
877,Mason,Parr,mparroc@opera.com,Male
878,Burty,Kilvington,bkilvingtonod@loc.gov,Male
879,Cahra,Gartside,cgartsideoe@wp.com,Female
880,Windham,De Witt,wdewittof@youtube.com,Male
881,Terence,Cherry Holme,tcherryholmeog@fotki.com,Bigender
882,Ethelbert,Archbell,earchbelloh@noaa.gov,Male
883,Pearl,Mountfort,pmountfortoi@ask.com,Female
884,Jimmy,Aizlewood,jaizlewoodoj@gravatar.com,Male
885,Kattie,Venour,kvenourok@webs.com,Female
886,Adah,Greiser,agreiserol@rediff.com,Female
887,Margret,Lidster,mlidsterom@seattletimes.com,Genderfluid
888,Dean,Tommeo,dtommeoon@un.org,Male
889,Shawna,Speakman,sspeakmanoo@pcworld.com,Female
890,Lynn,Croxall,lcroxallop@bloglovin.com,Female
891,Blakeley,Robiou,brobiouoq@ucla.edu,Female
892,Margret,Stoter,mstoteror@forbes.com,Female
893,Joletta,Petruszka,jpetruszkaos@earthlink.net,Female
894,Ripley,Rickwood,rrickwoodot@delicious.com,Male
895,Tam,Dolby,tdolbyou@dyndns.org,Male
896,Aida,Walicki,awalickiov@edublogs.org,Female
897,Elvin,Radborne,eradborneow@omniture.com,Male
898,Waiter,Lanning,wlanningox@myspace.com,Genderqueer
899,Rosemaria,Stillmann,rstillmannoy@privacy.gov.au,Polygender
900,Alison,Jamot,ajamotoz@berkeley.edu,Female
901,Hedvig,Dewi,hdewip0@abc.net.au,Female
902,Lindon,Gloy,lgloyp1@nifty.com,Male
903,Krissie,Carrodus,kcarrodusp2@shinystat.com,Polygender
904,Carmel,Oxley,coxleyp3@unblog.fr,Female
905,Forest,Camerello,fcamerellop4@wikipedia.org,Male
906,Desmond,Hawkett,dhawkettp5@loc.gov,Genderfluid
907,Rosa,Nelthropp,rnelthroppp6@soup.io,Bigender
908,Guillermo,Faulder,gfaulderp7@newyorker.com,Male
909,Charmane,Flode,cflodep8@google.fr,Female
910,Rosalinde,Featherstone,rfeatherstonep9@arizona.edu,Female
911,Hunt,Daveren,hdaverenpa@redcross.org,Male
912,Cris,Sabben,csabbenpb@addtoany.com,Female
913,Eugene,Gomme,egommepc@uiuc.edu,Male
914,Izaak,Sallarie,isallariepd@omniture.com,Male
915,Gearalt,Kless,gklesspe@time.com,Male
916,Clotilda,Culver,cculverpf@home.pl,Female
917,Lanni,Mithun,lmithunpg@friendfeed.com,Female
918,Car,Cousens,ccousensph@pagesperso-orange.fr,Male
919,Gage,Arntzen,garntzenpi@linkedin.com,Male
920,Micah,Patinkin,mpatinkinpj@wikimedia.org,Male
921,Virgil,Fulun,vfulunpk@addthis.com,Male
922,Terrell,Willisch,twillischpl@ycombinator.com,Male
923,Dionisio,Prigmore,dprigmorepm@nyu.edu,Male
924,Lynna,Darker,ldarkerpn@networksolutions.com,Non-binary
925,Quinlan,Roget,qrogetpo@pbs.org,Male
926,Lorena,Tomovic,ltomovicpp@bandcamp.com,Female
927,Cecilius,Denkin,cdenkinpq@yellowbook.com,Male
928,Don,Stivey,dstiveypr@furl.net,Male
929,Eyde,Peatman,epeatmanps@webs.com,Female
930,Tami,Van der Beken,tvanderbekenpt@joomla.org,Female
931,Betta,Doerren,bdoerrenpu@infoseek.co.jp,Female
932,Ilaire,Fleckney,ifleckneypv@apple.com,Male
933,Lonnard,Sherston,lsherstonpw@princeton.edu,Male
934,Eduino,Carlick,ecarlickpx@walmart.com,Male
935,Giuditta,Fretson,gfretsonpy@pcworld.com,Female
936,Katha,Petrolli,kpetrollipz@whitehouse.gov,Genderfluid
937,Dorian,Archdeckne,darchdeckneq0@cbc.ca,Female
938,Charmaine,McDonagh,cmcdonaghq1@opera.com,Female
939,Quintana,Persence,qpersenceq2@comsenz.com,Female
940,Karee,Gange,kgangeq3@bloglovin.com,Female
941,Marie,Breedy,mbreedyq4@princeton.edu,Female
942,Aloisia,Somerbell,asomerbellq5@dailymail.co.uk,Female
943,Ardelia,Ruoss,aruossq6@dot.gov,Female
944,Ephraim,Horley,ehorleyq7@freewebs.com,Male
945,Guido,Spickett,gspickettq8@blogger.com,Male
946,Morna,Steabler,msteablerq9@reuters.com,Female
947,Sylvan,Druhan,sdruhanqa@answers.com,Male
948,Aila,Damiral,adamiralqb@devhub.com,Female
949,Shepherd,Geraudel,sgeraudelqc@ftc.gov,Male
950,Vasily,Murtimer,vmurtimerqd@seattletimes.com,Male
951,Peter,Tran,ptranqe@over-blog.com,Male
952,Leshia,Spaduzza,lspaduzzaqf@lycos.com,Female
953,Tillie,Zorn,tzornqg@parallels.com,Female
954,Rhett,Prue,rprueqh@over-blog.com,Male
955,Alley,McRamsey,amcramseyqi@icio.us,Male
956,Beau,Surphliss,bsurphlissqj@imgur.com,Male
957,Lelah,Giacobazzi,lgiacobazziqk@bbc.co.uk,Female
958,Cesare,Tilmouth,ctilmouthql@soundcloud.com,Male
959,Keely,Pavlenko,kpavlenkoqm@earthlink.net,Female
960,Lilllie,Dumke,ldumkeqn@answers.com,Female
961,Selig,Bysshe,sbyssheqo@webeden.co.uk,Male
962,Mignonne,Gentner,mgentnerqp@furl.net,Non-binary
963,Jeana,Macewan,jmacewanqq@ning.com,Female
964,Urban,Klesse,uklesseqr@squidoo.com,Male
965,Korey,Bilbrook,kbilbrookqs@myspace.com,Male
966,Josee,Daunay,jdaunayqt@qq.com,Female
967,Tammy,McNeice,tmcneicequ@wikimedia.org,Genderqueer
968,Chane,Bednell,cbednellqv@pcworld.com,Male
969,Gloriana,Ricker,grickerqw@unblog.fr,Female
970,Lianna,Georgievski,lgeorgievskiqx@ox.ac.uk,Female
971,Magda,Meece,mmeeceqy@360.cn,Polygender
972,Lorri,Geroldi,lgeroldiqz@vinaora.com,Female
973,Jaquenette,Fenne,jfenner0@ameblo.jp,Female
974,Julio,Kirkbright,jkirkbrightr1@360.cn,Male
975,Rollo,Yesinov,ryesinovr2@wordpress.com,Male
976,Brand,Lukock,blukockr3@wikipedia.org,Male
977,Oralia,Austick,oaustickr4@1und1.de,Female
978,Lea,Legrave,llegraver5@senate.gov,Female
979,Glendon,Tomaszkiewicz,gtomaszkiewiczr6@wunderground.com,Male
980,Devin,Haddrill,dhaddrillr7@qq.com,Female
981,Nissy,Ayton,naytonr8@cloudflare.com,Female
982,Kendricks,Gorgen,kgorgenr9@unc.edu,Male
983,Isabeau,Doyley,idoyleyra@telegraph.co.uk,Female
984,Bryant,Leach,bleachrb@slate.com,Male
985,Temp,Russon,trussonrc@telegraph.co.uk,Male
986,Sutherland,Fairfoull,sfairfoullrd@nytimes.com,Male
987,Derrek,Ennor,dennorre@dailymail.co.uk,Male
988,Webster,Bew,wbewrf@fda.gov,Male
989,Alfie,Kulvear,akulvearrg@jimdo.com,Male
990,Wain,Mathet,wmathetrh@icq.com,Male
991,Tabbatha,Hardaway,thardawayri@si.edu,Female
992,Hanson,Ashe,hasherj@google.ru,Male
993,Travus,Itzakson,titzaksonrk@bing.com,Male
994,Kellby,Docherty,kdochertyrl@ca.gov,Male
995,Saunder,Echallie,sechallierm@indiatimes.com,Genderfluid
996,Philippine,Haggis,phaggisrn@prlog.org,Female
997,Aloysius,Haldene,ahaldenero@livejournal.com,Male
998,Shelton,Fladgate,sfladgaterp@com.com,Male
999,Barty,Downs,bdownsrq@yahoo.co.jp,Male
1000,Ailey,MacCallion,amaccallionrr@umich.edu,Female
